log_fci_size,one_norm,total_pstrings,n_qubits,n_elec,max_vertex_deg,min_vertex_deg,avg_vertex_deg,vertex_deg_std_dev,avg_edge_order,edge_order_std_dev,max_edge_weight,min_edge_weight,avg_edge_weight,edge_weight_std_dev,cisd,mp2,ccsd,ccsdt
15.01318356,56.70529631,3341,16,8,2037,883,1775.25,371.6206904,8.501646214,3.202589912,21.33089387,1.11E-08,0.016972552,0.380051434,TRUE,FALSE,TRUE,TRUE
19.29770667,114.7025003,6937,20,10,4303,1215,3522.6,949.7059756,10.15597521,4.00502846,40.15484362,2.23E-06,0.016534885,0.495159471,TRUE,FALSE,TRUE,TRUE
10.78725509,41.8813756,1501,12,6,1085,443,871,186.9884132,6.963357761,2.51934351,16.05864905,1.00E-08,0.027902316,0.429782028,FALSE,TRUE,TRUE,TRUE
19.29770667,114.114902,7897,20,10,4741,1569,4042.2,956.7433094,10.23730531,3.989781964,43.33633761,2.02E-08,0.014450412,0.500953296,TRUE,FALSE,TRUE,TRUE
19.29770667,133.4980966,2857,20,10,1661,619,1367.4,300.7414837,9.572278614,4.4376174,52.81402912,3.91E-08,0.04672667,1.022001179,FALSE,FALSE,FALSE,FALSE
10.78725509,18.60251349,1329,12,6,867,219,655,238.8737463,5.914221219,2.110246103,6.557759662,1.61E-08,0.013997377,0.185348813,FALSE,FALSE,FALSE,FALSE
10.78725509,32.74287226,769,12,6,497,155,329,143.1642413,5.133940182,1.827119843,12.02172542,7.19E-05,0.042578507,0.450329452,FALSE,TRUE,TRUE,TRUE
23.62006596,205.6864769,10393,24,12,6045,1841,4865,1257.659599,11.23448475,4.993805079,74.28015319,1.03E-08,0.019790867,0.745702541,FALSE,FALSE,FALSE,FALSE
6.66440902,10.89405087,229,8,4,157,83,122.5,30.54095611,4.279475983,1.521481605,4.155477923,9.85E-05,0.047572275,0.287567891,TRUE,TRUE,TRUE,TRUE
23.62006596,182.273332,12917,24,12,7765,1965,6234.833333,1795.072043,11.58442363,4.731165509,62.8240532,9.30E-07,0.01411112,0.565122929,FALSE,FALSE,TRUE,TRUE
16.76412103,149.2301797,4577,16,10,2819,1145,2389.75,538.6923403,8.353943631,3.338018344,56.70372045,1.06E-08,0.032604365,0.881808673,FALSE,FALSE,FALSE,FALSE
15.20380392,158.7422495,1352,14,10,850,398,723.1428571,146.8560311,7.48816568,3.107041374,63.6596532,1.24E-05,0.117412906,1.840033773,FALSE,FALSE,FALSE,FALSE
10.78725509,22.53206713,949,12,6,637,251,530.3333333,125.3882858,6.706006322,2.843100417,8.483098088,5.64E-06,0.023742958,0.285486943,FALSE,FALSE,FALSE,FALSE
10.78725509,42.85324523,2269,12,6,1463,707,1268,272.4279721,6.706037902,2.361820536,16.64601363,8.09E-08,0.018886402,0.365738647,TRUE,TRUE,TRUE,TRUE
22.51658249,289.3231016,5603,20,15,3363,1214,2770.2,632.4431674,9.888274139,4.297147376,120.6744664,1.31E-08,0.051637177,1.675228675,FALSE,FALSE,FALSE,FALSE
23.48759812,355.9678739,2877,20,16,1679,621,1378.8,304.5789881,9.584984359,4.450338933,146.8967845,5.41E-06,0.12372884,2.827134495,FALSE,FALSE,FALSE,FALSE
19.29770667,81.12519431,4805,20,10,2833,787,2136.8,599.7815936,8.894068678,3.674336029,29.77751739,1.29E-08,0.016883495,0.439809009,FALSE,FALSE,FALSE,FALSE
15.01318356,43.35621535,2093,16,8,1281,433,1016.75,251.7318762,7.772575251,3.238544869,16.38700567,3.10E-08,0.020714866,0.368175751,FALSE,FALSE,FALSE,FALSE
27.96888576,201.8213709,71765,28,14,40759,10015,33936.85714,9375.67922,13.24088344,5.504889548,69.08806749,1.03E-08,0.002812253,0.263211047,FALSE,FALSE,FALSE,FALSE
27.96888576,212.890396,59233,28,14,34111,8935,28536.85714,7244.093297,13.4896426,5.58011726,71.90255401,1.00E-08,0.003594118,0.300614903,FALSE,FALSE,FALSE,FALSE
21.13028813,195.9532938,7475,20,12,4665,1494,3721.8,931.4880353,9.957993311,4.03341909,76.43422872,1.61E-07,0.026214487,0.917455298,FALSE,FALSE,FALSE,FALSE
15.01318356,64.77271322,2817,16,8,1707,627,1486.25,322.3002288,8.441604544,3.360202883,25.03123544,2.02E-08,0.022993508,0.486893086,TRUE,TRUE,TRUE,TRUE
23.62006596,138.2731387,16977,24,12,9885,2391,7862.5,2204.318054,11.11503799,4.63730993,52.63064531,1.01E-08,0.008144733,0.412883776,FALSE,FALSE,FALSE,FALSE
15.01318356,72.01506834,1645,16,8,993,361,823.25,193.191453,8.007294833,3.302381241,25.16277571,9.42E-06,0.043778157,0.636259876,FALSE,FALSE,FALSE,TRUE
23.62006596,168.588981,12301,24,12,7273,1827,5549.5,1714.068284,10.82741241,4.706442963,58.65711284,1.00E-08,0.013705307,0.540442525,FALSE,FALSE,FALSE,FALSE
6.66440902,13.46020802,417,8,4,291,183,256,43.23193264,4.911270983,1.631316005,5.065906089,1.14E-08,0.032278676,0.261119892,TRUE,FALSE,FALSE,FALSE
10.78725509,29.50456139,769,12,6,497,155,329,143.1642413,5.133940182,1.827119843,11.17440572,5.30E-06,0.03836744,0.418347132,TRUE,FALSE,TRUE,TRUE
19.29770667,95.74843183,9313,20,10,5519,1847,4604.6,1146.775933,9.888542897,4.042992242,26.31405354,3.11E-06,0.010281159,0.278455709,FALSE,FALSE,FALSE,FALSE
21.13028813,219.5812032,3801,20,12,2239,763,1868.2,448.6327674,9.830044725,4.146305173,86.38175809,2.71E-07,0.057769325,1.444465559,FALSE,FALSE,FALSE,FALSE
10.78725509,38.04530972,589,12,6,371,173,308,67.68308504,6.275042445,2.461052518,15.02056868,4.69E-06,0.064593056,0.639899123,FALSE,TRUE,TRUE,TRUE
10.78725509,32.99890736,625,12,6,405,83,307,118.7630695,5.8944,2.429495553,12.07450481,0.000315219,0.052798252,0.497866571,FALSE,FALSE,FALSE,TRUE
2.772588722,1.984670663,29,4,2,21,19,20,1,2.75862069,1.222072079,0.757422221,0.005076521,0.068436919,0.136641392,TRUE,FALSE,TRUE,TRUE
15.01318356,45.86846468,2477,16,8,1531,655,1287.75,276.8084852,8.318126766,3.470931024,16.40163357,1.83E-07,0.018517749,0.339954974,TRUE,FALSE,TRUE,TRUE
6.66440902,12.62579276,433,8,4,301,191,268,45.13313639,4.951501155,1.659169722,4.578015277,0.000134782,0.029158875,0.230854284,TRUE,FALSE,TRUE,TRUE
15.01318356,51.73523631,7349,16,8,4501,1757,3845.5,922.2246201,8.37229555,3.131216622,15.07722119,3.14E-08,0.007039765,0.180643129,FALSE,FALSE,FALSE,FALSE
27.96888576,191.6047469,29597,28,14,16891,3847,13462,3976.972053,12.7356151,5.509608485,70.27936952,1.01E-08,0.006473789,0.415951034,FALSE,FALSE,FALSE,FALSE
2.772588722,2.12139541,29,4,2,21,19,20,1,2.75862069,1.222072079,0.85453784,0.007777256,0.073151566,0.157629443,TRUE,FALSE,TRUE,TRUE
19.29770667,90.80486656,8025,20,10,4849,1551,4079.8,993.3519819,10.16772586,3.946657421,32.17817737,9.34E-08,0.011315248,0.368358785,TRUE,FALSE,TRUE,TRUE
22.51658249,276.2385806,7477,20,14,4665,1495,3722,931.2994148,9.955864652,4.03497872,113.8088349,2.26E-07,0.036945109,1.371474463,TRUE,FALSE,TRUE,TRUE
27.96888576,211.8187998,18573,28,14,10539,2353,8678,2469.247341,13.08264685,5.561316079,69.63986383,2.24E-07,0.011404663,0.520205079,FALSE,FALSE,FALSE,FALSE
2.772588722,2.494652417,29,4,2,21,19,20,1,2.75862069,1.222072079,1.010887033,5.03E-06,0.086022497,0.184324555,FALSE,FALSE,FALSE,FALSE
19.29770667,64.66992164,8669,20,10,5163,1737,4375.4,1062.711363,10.09435921,3.957713005,26.24016625,1.97E-08,0.007459906,0.289557571,TRUE,TRUE,TRUE,TRUE
10.78725509,24.28221086,861,12,6,575,227,383,129.7510437,5.337979094,1.882324435,9.234279811,1.75E-08,0.028202335,0.325695078,FALSE,TRUE,TRUE,TRUE
2.772588722,1.818565456,29,4,2,21,19,20,1,2.75862069,1.222072079,0.74246668,0.002491471,0.062709154,0.137138019,TRUE,FALSE,TRUE,TRUE
19.29770667,62.9140988,8893,20,10,5255,1731,4383.6,1123.448459,9.858540425,4.201733535,20.9220916,1.12E-08,0.007074564,0.226616764,FALSE,FALSE,FALSE,FALSE
18.11157922,131.2208314,11256,18,10,6876,2310,5730,1471.727481,9.163113006,3.524038232,44.68457526,1.02E-08,0.011657856,0.440813102,FALSE,FALSE,FALSE,FALSE
15.01318356,64.74988862,3113,16,8,1943,769,1646.75,362.6126549,8.463861227,3.377434251,22.84712509,2.23E-06,0.020799836,0.423302644,TRUE,FALSE,TRUE,TRUE
15.01318356,52.82551033,3481,16,8,2139,887,1845,408.3442175,8.480321747,3.179802951,20.0341789,1.20E-08,0.015175384,0.349307424,FALSE,TRUE,TRUE,TRUE
22.51658249,285.8655695,3809,20,14,2247,763,1873.4,451.0528129,9.836702547,4.145503657,116.2981527,7.00E-08,0.075050031,1.944147797,FALSE,FALSE,FALSE,FALSE
10.78725509,33.86486411,781,12,6,505,271,430.6666667,75.83241758,6.61715749,2.928628196,12.123399,0.000209961,0.043360902,0.448867899,FALSE,FALSE,FALSE,FALSE
22.51658249,270.0819918,5663,20,15,3313,857,2618.2,717.5888516,9.246689034,4.227805327,113.9518719,1.13E-08,0.047692388,1.56880667,FALSE,FALSE,FALSE,FALSE
23.48759812,339.9070295,5607,20,17,3363,845,2686.4,752.9062624,9.582307829,4.042704203,148.0126413,1.00E-08,0.060621906,2.047679837,FALSE,FALSE,FALSE,FALSE
2.772588722,3.255792679,17,4,2,11,11,11,0,2.588235294,1.416658186,1.305254215,0.047005987,0.191517216,0.297020687,TRUE,FALSE,TRUE,TRUE
10.78725509,41.51448076,2237,12,6,1449,695,1255.333333,269.4003629,6.734018775,2.361093256,12.77162695,1.20E-08,0.018558105,0.278708876,FALSE,FALSE,FALSE,FALSE
5.416100402,15.4086318,136,6,4,98,74,90,11.3137085,3.970588235,1.387661896,6.821875441,3.21E-05,0.113298763,0.630720544,TRUE,TRUE,TRUE,TRUE
10.78725509,34.73147152,1149,12,6,737,347,620,141.3400156,6.475195822,2.668930134,13.07068344,1.08E-06,0.030227564,0.401866489,TRUE,FALSE,TRUE,TRUE
27.96888576,325.1802658,26809,28,14,15339,3505,12750.42857,3301.289612,13.3168712,5.579710648,112.1650808,6.73E-07,0.012129519,0.703148345,FALSE,FALSE,FALSE,FALSE
13.81750956,93.49772266,1752,14,8,1124,470,882.2857143,212.8995164,7.050228311,2.951431422,37.68375438,1.06E-08,0.05336628,0.952577847,FALSE,FALSE,FALSE,FALSE
8.050703381,29.58191213,229,8,6,157,103,138.5,20.89856454,4.838427948,1.834913505,12.54326902,1.63E-05,0.129178656,0.894334546,TRUE,FALSE,TRUE,TRUE
6.66440902,12.02687402,97,8,4,53,29,42.5,8.874119675,3.505154639,1.301258006,4.802861313,2.81E-05,0.123988392,0.49704145,FALSE,FALSE,FALSE,FALSE
19.29770667,139.6048674,9313,20,10,5519,1847,4604.6,1146.775933,9.888542897,4.042992242,40.71691769,5.40E-07,0.014990322,0.431358791,FALSE,FALSE,FALSE,FALSE
27.96888576,263.5580296,30461,28,14,17449,4043,14360.42857,4142.346225,13.20022324,5.377291456,81.96705533,1.01E-08,0.00865231,0.478263358,FALSE,FALSE,FALSE,FALSE
19.29770667,68.78511984,8761,20,10,5255,1663,4342.2,1130.92288,9.912567059,4.090085707,24.71151623,1.00E-08,0.007851286,0.269925743,FALSE,FALSE,TRUE,TRUE
2.772588722,2.360239428,17,4,2,11,11,11,0,2.588235294,1.416658186,1.060297384,0.002106641,0.138837613,0.24491675,TRUE,TRUE,TRUE,TRUE
15.01318356,50.98229258,2953,16,8,2019,695,1563.5,401.0420801,8.471385032,3.130302182,17.67703447,2.97E-06,0.017264576,0.33471633,FALSE,FALSE,FALSE,TRUE
10.78725509,37.52196468,489,12,6,301,143,231,61.73059749,5.668711656,2.477849226,14.31654285,0.000149118,0.076732034,0.666847619,FALSE,FALSE,TRUE,TRUE
23.62006596,105.4072561,18493,24,12,10727,3001,8937.166667,2374.647617,11.5985508,5.020972837,35.87016253,1.00E-08,0.005699846,0.268812216,FALSE,FALSE,TRUE,TRUE
2.772588722,1.03666426,29,4,2,21,19,20,1,2.75862069,1.222072079,0.397835977,1.34E-07,0.035747043,0.072836936,TRUE,FALSE,TRUE,TRUE
15.01318356,66.5418077,3781,16,8,2395,877,1925,460.9430551,8.145993124,3.31568415,22.05864115,1.00E-08,0.017598997,0.369258116,FALSE,FALSE,FALSE,FALSE
10.78725509,29.41029869,705,12,6,455,203,379,89.09171305,6.45106383,2.89988058,11.30765337,2.02E-08,0.041716736,0.440964014,TRUE,TRUE,TRUE,TRUE
23.62006596,193.4640883,15105,24,12,8797,2221,7502.666667,1878.919962,11.92082092,5.031416045,72.30782573,2.26E-08,0.01280795,0.602190192,FALSE,FALSE,FALSE,FALSE
10.78725509,23.74634262,693,12,6,439,221,368.6666667,71.84628654,6.383838384,2.598117586,9.206758834,2.81E-07,0.034266007,0.361477806,TRUE,TRUE,TRUE,TRUE
22.51658249,248.2373728,7419,20,14,4617,1466,3696.2,927.6819282,9.964146111,4.038540286,104.4538372,1.71E-08,0.033459681,1.266976075,FALSE,FALSE,FALSE,TRUE
10.78725509,21.81241427,689,12,6,441,221,373,73.56176543,6.496371553,2.647736643,8.199350682,4.21E-06,0.031658076,0.323794371,FALSE,FALSE,FALSE,FALSE
6.66440902,15.42703418,137,8,4,89,57,79,12,4.613138686,2.058445928,5.668439288,1.80E-08,0.112606089,0.502036614,FALSE,FALSE,FALSE,FALSE
15.01318356,64.84496642,2809,16,8,1709,609,1422.75,332.6468661,8.103951584,3.381395613,24.12749069,9.30E-07,0.023084716,0.469533384,TRUE,FALSE,TRUE,TRUE
27.96888576,319.7331008,26725,28,14,15299,3501,12538,3328.531959,13.13616464,5.438199424,112.9122975,5.81E-08,0.01196382,0.708841532,FALSE,FALSE,TRUE,TRUE
27.96888576,325.0926664,47773,28,14,27807,6561,22953.42857,6391.631702,13.45312206,5.607827307,108.5137069,1.00E-08,0.006804946,0.50670102,FALSE,FALSE,FALSE,FALSE
18.11157922,157.594201,11396,18,10,6882,2378,5786.888889,1464.04466,9.14040014,3.515015174,54.36743512,1.05E-08,0.013828905,0.52932409,FALSE,FALSE,TRUE,TRUE
15.01318356,65.55946189,2341,16,8,1425,741,1183.75,211.4496098,8.09055959,3.888712533,24.82730666,3.00E-07,0.028004896,0.529839005,TRUE,FALSE,FALSE,FALSE
22.51658249,250.7762245,4033,20,14,2281,783,1875.4,425.0301636,9.30027275,4.428380668,101.5213912,1.01E-08,0.062181062,1.653188696,FALSE,FALSE,FALSE,FALSE
19.29770667,80.12365009,9313,20,10,5519,1847,4647.8,1161.663359,9.981316439,4.077483579,21.14111864,1.07E-06,0.00860342,0.223569466,FALSE,FALSE,FALSE,FALSE
5.416100402,14.47741936,136,6,4,98,74,90,11.3137085,3.970588235,1.387661896,6.415500651,0.000142495,0.106451613,0.595024445,TRUE,TRUE,TRUE,TRUE
15.01318356,70.41987563,4777,16,8,3461,1103,2613.25,699.2910249,8.752773707,3.260159906,25.54298631,1.00E-08,0.014741444,0.380404599,FALSE,FALSE,FALSE,FALSE
22.51658249,311.6317436,5613,20,15,3289,1219,2732.8,608.076607,9.737395332,4.382742356,127.0659182,7.21E-08,0.055519641,1.753974938,FALSE,FALSE,FALSE,TRUE
23.62006596,101.1104555,17849,24,12,10503,2663,8674,2377.619468,11.66317441,4.682675215,39.91307152,1.97E-08,0.005664769,0.306114542,TRUE,TRUE,TRUE,TRUE
23.62006596,142.4946791,16401,24,12,9691,2537,8090,2182.817216,11.83830254,4.705556109,49.68176215,9.34E-08,0.00868817,0.396237168,FALSE,FALSE,TRUE,TRUE
10.78725509,30.20850734,781,12,6,505,271,430.6666667,75.83241758,6.61715749,2.928628196,10.91452349,4.54E-05,0.038679267,0.403800953,FALSE,FALSE,FALSE,FALSE
2.772588722,1.228859019,29,4,2,21,19,20,1,2.75862069,1.222072079,0.502008855,7.65E-07,0.042374449,0.093155618,TRUE,FALSE,TRUE,TRUE
8.050703381,33.36788426,125,8,6,79,47,57.5,13.06713435,3.68,1.336263447,15.04828112,0.000927658,0.266943074,1.425046739,TRUE,TRUE,TRUE,TRUE
15.01318356,44.04274821,2969,16,8,2025,695,1584.5,410.5889063,8.538901987,3.235546758,16.47981162,2.01E-07,0.014834203,0.310922621,FALSE,FALSE,FALSE,FALSE
19.29770667,106.2421002,18285,20,10,10839,3535,9150,2346.529054,10.00820345,3.918186909,38.89090728,1.03E-08,0.005810342,0.295639608,FALSE,FALSE,FALSE,FALSE
13.81750956,91.21054349,1832,14,8,1196,492,962,225.4544617,7.351528384,3.003965331,38.13459823,1.02E-08,0.049787415,0.94376428,FALSE,FALSE,FALSE,FALSE
15.01318356,69.18511577,3645,16,8,2283,935,1917,416.2685431,8.414814815,3.333695454,24.61859469,1.01E-08,0.018980827,0.421075595,TRUE,FALSE,FALSE,FALSE
27.96888576,186.0846325,18941,28,14,10801,2481,8781.714286,2482.505601,12.98178554,5.630317576,64.19515743,1.54E-07,0.009824435,0.474831206,FALSE,FALSE,FALSE,TRUE
6.66440902,9.373538896,413,8,4,287,187,256.5,40.39492542,4.968523002,1.673458091,3.590421257,1.07E-08,0.02269622,0.184151029,FALSE,FALSE,TRUE,TRUE
19.29770667,69.810807,7785,20,10,4859,1375,3699.2,1109.027664,9.503403982,3.81815559,27.22310335,1.02E-08,0.008967348,0.315937504,FALSE,FALSE,FALSE,FALSE
27.96888576,141.7343438,34617,28,14,19661,4793,16319.28571,4519.12086,13.19987289,6.152715761,42.59030084,1.01E-08,0.004094357,0.2325696,FALSE,FALSE,FALSE,FALSE
6.66440902,11.65203074,201,8,4,147,87,123.5,18.48648155,4.915422886,1.886799112,5.048174312,4.57E-06,0.057970302,0.377621753,TRUE,TRUE,TRUE,TRUE
15.01318356,64.0413761,2809,16,8,1701,609,1480.75,333.7827699,8.434318263,3.279445666,23.2124331,1.42E-06,0.022798639,0.450836788,TRUE,FALSE,TRUE,TRUE
19.29770667,93.22503187,4817,20,10,2843,971,2385,589.2822753,9.902428898,4.083672853,32.87708399,1.26E-08,0.019353339,0.485059181,FALSE,FALSE,FALSE,FALSE
19.29770667,112.7086256,6405,20,10,3893,953,2947.6,982.6822681,9.204059329,3.888257597,37.80984012,1.00E-08,0.017596975,0.484303434,FALSE,FALSE,FALSE,FALSE
19.29770667,94.59046811,12385,20,10,7487,2085,5970.6,1749.959611,9.641663302,3.83610224,33.4395101,1.01E-08,0.007637502,0.307853331,FALSE,FALSE,FALSE,TRUE
27.96888576,139.7822678,32597,28,14,18627,4483,15385.14286,4328.575316,13.21544927,5.401486469,53.20783912,1.97E-08,0.004288194,0.300718092,FALSE,TRUE,TRUE,TRUE
10.78725509,25.80257506,941,12,6,629,293,535,101.9509686,6.822529224,2.52413691,9.263202575,2.83E-05,0.027420377,0.312949369,TRUE,FALSE,FALSE,TRUE
15.20380392,173.470055,1352,14,10,850,366,710.5714286,156.0575509,7.357988166,2.997130497,69.35387495,5.74E-05,0.128306254,1.993239156,TRUE,FALSE,TRUE,TRUE
19.29770667,120.2921594,9313,20,10,5519,1847,4603,1152.597067,9.88510684,4.060704731,34.54104025,1.24E-06,0.012916585,0.365764292,FALSE,FALSE,FALSE,FALSE
2.772588722,2.104196613,29,4,2,21,19,20,1,2.75862069,1.222072079,0.840994529,0.000610383,0.072558504,0.154443388,TRUE,FALSE,TRUE,TRUE
15.01318356,71.03080523,2953,16,8,2019,695,1611.5,434.1460008,8.731459533,3.809733529,27.09992256,1.08E-06,0.024053778,0.515724388,TRUE,FALSE,TRUE,TRUE
6.66440902,9.708676632,349,8,4,257,147,213,36.81032464,4.88252149,1.699640431,3.778799777,1.80E-08,0.027818558,0.210866766,FALSE,FALSE,FALSE,FALSE
23.62006596,112.9533315,10301,24,12,5957,1691,4700.5,1259.341792,10.9515581,4.894784906,40.88370428,1.40E-07,0.010965278,0.41077847,FALSE,FALSE,FALSE,FALSE
22.51658249,299.1869578,7477,20,14,4665,1495,3722,931.2994148,9.955864652,4.03497872,117.7571376,1.01E-07,0.040014305,1.407742004,FALSE,FALSE,FALSE,TRUE
2.772588722,2.407618058,17,4,2,11,11,11,0,2.588235294,1.416658186,1.049758392,0.004248645,0.141624592,0.2426566,TRUE,TRUE,TRUE,TRUE
27.96888576,148.5438286,34797,28,14,19879,4877,16496.71429,4522.67142,13.27436273,5.990944635,48.98251205,1.00E-08,0.004268869,0.266940477,FALSE,FALSE,TRUE,TRUE
23.48759812,311.6632174,3085,20,16,1749,637,1425.6,304.402431,9.242139384,4.685233947,129.7367117,1.13E-08,0.101025354,2.417302717,TRUE,FALSE,FALSE,FALSE
15.01318356,66.25635199,1793,16,8,1141,329,800,307.7125282,7.138873397,2.803712435,21.95732625,1.49E-06,0.03695279,0.531592985,FALSE,FALSE,FALSE,FALSE
19.29770667,115.9150448,6585,20,10,4113,1087,3347.4,890.580395,10.1667426,4.065539694,42.03059961,9.30E-07,0.017602892,0.531172938,FALSE,FALSE,TRUE,TRUE
27.96888576,279.3573794,28469,28,14,16189,3651,13612.57143,3663.981221,13.38831712,5.616473396,102.2156122,2.26E-08,0.009812687,0.618677851,FALSE,FALSE,FALSE,FALSE
13.34912278,172.1233148,769,12,10,497,269,425,74.29670248,6.631989597,2.946610549,74.60505219,5.98E-07,0.223827457,2.879464711,TRUE,FALSE,TRUE,TRUE
15.01318356,63.66362542,1893,16,8,1145,445,969.75,235.2422953,8.196513471,3.314385953,23.27223371,1.68E-06,0.033631075,0.550112008,FALSE,FALSE,FALSE,FALSE
6.66440902,14.64573261,381,8,4,267,159,235,39.8246155,4.934383202,1.680019669,6.099420211,1.09E-08,0.038440243,0.327281465,TRUE,TRUE,TRUE,TRUE
19.29770667,122.9169541,8369,20,10,4975,1591,4202.8,1038.848767,10.04373282,3.902687625,40.88747347,1.01E-08,0.014687173,0.458177478,FALSE,FALSE,FALSE,FALSE
19.29770667,125.3815283,4737,20,10,2797,773,2140.4,659.7851468,9.036943213,4.203262174,46.93282437,1.14E-08,0.026468551,0.699990579,FALSE,FALSE,FALSE,FALSE
10.78725509,29.9358978,769,12,6,497,155,329,143.1642413,5.133940182,1.827119843,11.38298728,1.79E-05,0.038928346,0.426601,TRUE,FALSE,TRUE,TRUE
10.78725509,55.36906845,769,12,6,497,269,417,73.21202087,6.507152146,2.928318011,23.1330657,3.12E-05,0.072001389,0.889168137,TRUE,FALSE,TRUE,TRUE
2.772588722,3.137752791,17,4,2,11,11,11,0,2.588235294,1.416658186,1.267586541,0.049580187,0.184573694,0.283047,TRUE,FALSE,TRUE,TRUE
23.62006596,186.110455,12917,24,12,7765,1619,6128.166667,1926.908657,11.38623519,4.538107104,63.30784508,7.78E-07,0.01440818,0.56952224,FALSE,FALSE,TRUE,TRUE
6.66440902,12.54739385,433,8,4,301,191,268,45.13313639,4.951501155,1.659169722,4.727837233,1.14E-07,0.028977815,0.238125361,FALSE,TRUE,TRUE,TRUE
15.01318356,70.84407367,4589,16,8,2823,1111,2393.25,517.4272292,8.344301591,3.291596155,27.50819882,1.01E-08,0.015437802,0.419029403,TRUE,FALSE,TRUE,TRUE
21.13028813,180.7825032,5591,20,12,3279,843,2643.8,726.7526127,9.457342157,3.984893135,73.35425643,2.48E-08,0.032334556,1.01894905,FALSE,FALSE,FALSE,FALSE
10.78725509,27.34633487,1329,12,6,901,385,747,147.7520445,6.744920993,2.581774434,10.28453282,1.02E-08,0.020576625,0.292034091,TRUE,FALSE,TRUE,TRUE
19.29770667,129.4307327,6585,20,10,4129,1137,3430.6,879.6002729,10.41943812,4.144568802,49.63176221,4.43E-06,0.019655388,0.628508957,TRUE,FALSE,TRUE,TRUE
6.66440902,11.04231212,225,8,4,155,83,120.5,29.42362996,4.284444444,1.534485879,4.34293978,1.84E-08,0.049076943,0.300879895,FALSE,TRUE,TRUE,TRUE
2.772588722,3.430585141,17,4,2,11,11,11,0,2.588235294,1.416658186,1.458366017,0.004537173,0.201799126,0.331650416,TRUE,TRUE,TRUE,TRUE
22.51658249,276.0710824,7477,20,14,4495,1495,3550.8,863.2197634,9.497926976,4.392280148,108.6463932,4.58E-08,0.036922707,1.300837593,FALSE,FALSE,FALSE,FALSE
27.96888576,315.3800063,36989,28,14,21055,4645,17380.28571,4941.734722,13.15656006,5.602344127,106.0916735,5.04E-08,0.008526319,0.562593899,FALSE,FALSE,TRUE,TRUE
27.96888576,170.677358,18777,28,14,10659,2373,8495.857143,2532.40859,12.66890345,5.464203119,59.59718588,1.04E-08,0.009089703,0.442810373,FALSE,FALSE,FALSE,FALSE
15.01318356,86.06629772,3905,16,8,2401,967,2028,461.7499323,8.309346991,3.566608148,28.01964217,3.28E-08,0.022040025,0.462058233,TRUE,FALSE,TRUE,TRUE
6.66440902,12.68979569,201,8,4,135,91,113,22,4.497512438,1.555361064,5.031966698,0.001074779,0.063133312,0.369248454,TRUE,TRUE,TRUE,TRUE
19.29770667,57.13032216,9881,20,10,5875,1247,4169.8,1723.533394,8.440036434,3.342214822,17.40286391,1.05E-08,0.005781836,0.178772742,FALSE,FALSE,FALSE,FALSE
10.78725509,36.60780309,1149,12,6,737,347,620,141.3400156,6.475195822,2.668930134,13.57994888,7.67E-06,0.031860577,0.41715738,TRUE,FALSE,TRUE,TRUE
2.772588722,2.117380373,29,4,2,21,19,20,1,2.75862069,1.222072079,0.909248328,6.37E-07,0.073013116,0.169989288,FALSE,FALSE,FALSE,FALSE
15.01318356,51.20547745,7353,16,8,4509,1759,3848,922.717725,8.373181015,3.131984729,15.98523565,2.47E-08,0.006963889,0.191500936,FALSE,FALSE,TRUE,TRUE
27.96888576,249.9821868,31173,28,14,17977,4667,15030.14286,3834.136164,13.50027267,5.557857893,80.23528629,1.31E-07,0.008019189,0.46270755,FALSE,FALSE,FALSE,TRUE
15.01318356,50.55912884,5373,16,8,3459,1105,2784.25,773.52727,8.291085055,3.037967542,18.71809189,1.02E-08,0.009409851,0.263155225,FALSE,FALSE,FALSE,FALSE
2.772588722,1.965992325,29,4,2,21,19,20,1,2.75862069,1.222072079,0.844432155,4.89E-06,0.067792839,0.160126088,TRUE,TRUE,TRUE,TRUE
27.96888576,185.8052053,33005,28,14,19259,4541,15737,4297.289544,13.35058324,5.478338446,68.90811331,1.03E-08,0.005629608,0.386255732,FALSE,FALSE,FALSE,FALSE
19.29770667,91.06983166,7325,20,10,4499,1401,3760.8,959.0995569,10.2683959,4.06990677,35.12748048,1.14E-08,0.012432742,0.421321726,FALSE,FALSE,FALSE,FALSE
27.96888576,194.6528149,26725,28,14,15379,3501,12482,3312.711858,13.07749298,5.419503676,70.65452253,1.11E-08,0.007283548,0.441228824,FALSE,FALSE,FALSE,FALSE
6.66440902,14.80247532,129,8,4,83,57,76,10.48808848,4.713178295,2.08052542,5.837376347,0.000544529,0.114747871,0.531343665,TRUE,FALSE,FALSE,FALSE
10.78725509,55.75347476,769,12,6,497,269,417,73.21202087,6.507152146,2.928318011,22.70749487,0.000143335,0.072501268,0.872963315,TRUE,FALSE,TRUE,TRUE
22.51658249,268.1124581,6755,20,15,4145,1302,3269.6,826.5495992,9.680532939,4.094635332,115.7610611,1.05E-08,0.039690963,1.465778058,FALSE,FALSE,FALSE,FALSE
15.20380392,165.3869101,1352,14,10,850,366,710,155.9487095,7.352071006,3.003746945,65.85896717,4.68E-05,0.122327596,1.898781665,FALSE,FALSE,TRUE,TRUE
2.772588722,2.55577823,17,4,2,11,11,11,0,2.588235294,1.416658186,1.20804904,9.27E-05,0.150339896,0.297316076,TRUE,TRUE,TRUE,TRUE
6.66440902,15.76178034,425,8,4,295,191,265,43.05810028,4.988235294,1.647058824,5.712165468,1.40E-08,0.037086542,0.288522832,FALSE,FALSE,FALSE,FALSE
10.78725509,31.3795972,693,12,6,445,201,366,82.24962006,6.337662338,2.850023927,12.12647642,1.88E-08,0.045280804,0.476840162,TRUE,TRUE,TRUE,TRUE
23.48759812,317.3047325,5403,20,17,3191,1096,2685.6,621.3720625,9.941143809,4.786720552,142.541298,1.29E-08,0.058727509,2.010786904,FALSE,FALSE,FALSE,FALSE
22.51658249,291.5969674,9975,20,15,5923,1361,4787.2,1449.075761,9.59839599,3.883299818,119.3748274,1.04E-08,0.029232779,1.237241115,FALSE,FALSE,FALSE,FALSE
6.66440902,9.376924661,237,8,4,161,87,127.5,29.99583304,4.303797468,1.545548368,3.524090104,0.00011746,0.039565083,0.238298731,FALSE,FALSE,FALSE,FALSE
6.66440902,15.53662706,433,8,4,301,191,268,45.13313639,4.951501155,1.659169722,6.539261004,8.09E-08,0.035881356,0.334749351,TRUE,TRUE,TRUE,TRUE
13.34912278,173.6952559,769,12,10,497,269,417,73.21202087,6.507152146,2.928318011,76.15390855,3.24E-05,0.225871594,2.935777511,TRUE,TRUE,TRUE,TRUE
23.62006596,156.9976668,16421,24,12,9553,2503,7932.5,2225.744314,11.59369101,4.629985344,57.86152126,1.03E-08,0.009560786,0.461790785,FALSE,FALSE,FALSE,TRUE
6.66440902,10.87653693,229,8,4,157,83,122.5,30.54095611,4.279475983,1.521481605,4.025899322,7.19E-05,0.047495794,0.276569409,TRUE,TRUE,TRUE,TRUE
19.29770667,109.0599723,6585,20,10,4113,1087,3350.6,894.4239711,10.17646166,3.936376149,39.77232281,1.42E-06,0.016561879,0.50256089,TRUE,FALSE,TRUE,TRUE
8.050703381,30.37514208,125,8,6,79,47,57.5,13.06713435,3.68,1.336263447,13.7539144,0.000808976,0.243001137,1.308682362,TRUE,TRUE,TRUE,TRUE
27.96888576,255.9298031,43405,28,14,25589,6051,20428.14286,5604.44855,13.17792881,5.439086518,83.11146416,1.00E-08,0.005896321,0.406234718,FALSE,FALSE,FALSE,FALSE
19.29770667,77.48202024,7361,20,10,4513,1337,3668.6,974.3056194,9.967667436,3.954851588,27.24281098,1.05E-08,0.010526018,0.325135955,TRUE,FALSE,TRUE,TRUE
23.62006596,216.0987358,20261,24,12,11759,3447,9771.5,2533.086276,11.57474952,4.955057092,75.27160175,5.04E-08,0.010665749,0.540822579,TRUE,FALSE,FALSE,FALSE
6.66440902,9.034973736,229,8,4,157,83,122.5,30.54095611,4.279475983,1.521481605,3.381652359,0.00017902,0.039454034,0.231601303,TRUE,FALSE,TRUE,TRUE
27.96888576,296.1535731,28705,28,14,16535,3415,13505.85714,4042.557551,13.17415084,5.371515252,101.9766403,1.32E-08,0.010317142,0.613481566,FALSE,FALSE,FALSE,FALSE
18.11157922,142.5934637,11316,18,10,6930,2330,5757.111111,1477.108019,9.157652881,3.514861988,48.44052949,1.00E-08,0.012601048,0.474970893,FALSE,FALSE,FALSE,FALSE
23.62006596,109.6399734,10257,24,12,5939,1307,4759,1418.145385,11.13541971,4.662635294,39.20402387,1.21E-08,0.010689283,0.394961415,FALSE,FALSE,FALSE,FALSE
27.96888576,301.3442963,23805,28,14,13801,3331,10928.57143,3147.484726,12.85444234,5.51064976,104.5906866,1.75E-08,0.012658866,0.692492146,FALSE,FALSE,TRUE,TRUE
6.66440902,6.088131735,429,8,4,301,189,266.5,44.90823978,4.96969697,1.656101286,2.13002,4.33E-08,0.014191449,0.106487123,FALSE,FALSE,FALSE,FALSE
27.96888576,284.3209391,34681,28,14,19785,4205,16271.42857,4659.801877,13.1368761,5.556017499,103.8120823,1.00E-08,0.008198176,0.568733779,FALSE,FALSE,FALSE,FALSE
15.01318356,77.03908766,2597,16,8,1587,701,1412.5,262.1702691,8.702348864,3.798491669,30.08555044,4.43E-06,0.029664647,0.609825814,TRUE,FALSE,TRUE,TRUE
19.29770667,125.4947299,4801,20,10,2773,875,2186.2,634.3423051,9.107269319,3.990139802,47.74176448,1.13E-08,0.02613929,0.707108022,TRUE,FALSE,FALSE,FALSE
19.29770667,123.4781615,6937,20,10,4275,1215,3409,966.8646234,9.828456105,3.833718802,46.13164011,7.21E-07,0.017799937,0.569431191,TRUE,FALSE,TRUE,TRUE
2.772588722,2.288929992,29,4,2,21,19,20,1,2.75862069,1.222072079,0.955398592,0.001988985,0.07892862,0.178441767,TRUE,TRUE,TRUE,TRUE
23.62006596,183.2466995,12917,24,12,7765,1619,5906.833333,1860.773577,10.97499419,4.381449377,68.20335422,7.21E-07,0.014186475,0.614961707,FALSE,FALSE,FALSE,TRUE
27.96888576,127.5370587,34701,28,14,19479,4189,13128.85714,5277.347573,10.5935852,4.582702508,35.68798789,1.02E-08,0.003675314,0.194592719,FALSE,FALSE,FALSE,FALSE
23.62006596,146.4257709,38409,24,12,22217,6231,18619.33333,4981.852589,11.63435653,4.71096119,37.8122963,1.19E-08,0.003812278,0.196606003,FALSE,FALSE,FALSE,FALSE
6.66440902,10.10222889,125,8,4,79,47,57.5,13.06713435,3.68,1.336263447,4.137748559,0.00056959,0.080817831,0.383681666,TRUE,TRUE,TRUE,TRUE
13.34912278,174.1734413,769,12,10,497,269,425,74.29670248,6.631989597,2.946610549,75.40555813,9.54E-05,0.226493422,2.907841209,TRUE,FALSE,TRUE,TRUE
23.48759812,383.710518,5611,20,17,3371,1218,2774.2,633.2250469,9.888433434,4.29474899,158.7572457,1.56E-07,0.068385407,2.192007016,TRUE,FALSE,FALSE,TRUE
10.78725509,25.59693174,1889,12,6,1263,567,1067,235.1736947,6.778189518,2.384001446,9.489320445,1.02E-08,0.01355052,0.22628215,FALSE,FALSE,FALSE,FALSE
22.51658249,266.4859963,3829,20,14,2207,765,1800,417.8375282,9.401932619,4.4503126,106.964215,1.03E-08,0.069596761,1.785669849,FALSE,FALSE,FALSE,FALSE
10.78725509,27.77355727,949,12,6,679,263,526,129.6752354,6.651211802,2.35194942,11.52774698,1.48E-06,0.02926613,0.391782438,TRUE,TRUE,TRUE,TRUE
27.96888576,199.1377806,71725,28,14,40731,10011,33938.28571,9371.063032,13.24882537,5.510356817,49.23332309,1.06E-08,0.002776407,0.186866676,FALSE,FALSE,TRUE,FALSE
23.62006596,127.0425779,16565,24,12,9661,2629,8079.666667,2068.12642,11.70612738,4.780061139,44.34488545,1.00E-08,0.007669338,0.351594694,FALSE,FALSE,FALSE,FALSE
10.78725509,26.36176534,893,12,6,599,289,506,95.1752769,6.799552072,2.886645279,10.08828343,1.27E-08,0.029520454,0.349237911,FALSE,TRUE,TRUE,TRUE
10.78725509,54.56831713,769,12,6,497,269,417,73.21202087,6.507152146,2.928318011,22.35284962,4.70E-05,0.0709601,0.860127214,FALSE,FALSE,TRUE,TRUE
10.78725509,42.09913451,1041,12,6,665,325,562.6666667,115.5849856,6.486071085,2.674468899,15.48831438,1.14E-08,0.040441051,0.49568132,TRUE,FALSE,TRUE,TRUE
15.01318356,51.38876322,3601,16,8,2279,757,1813.5,498.6298728,8.057761733,3.134669901,19.60984449,1.02E-08,0.014270692,0.336231224,TRUE,FALSE,FALSE,FALSE
2.772588722,3.444532566,17,4,2,11,11,11,0,2.588235294,1.416658186,1.261440567,0.043116962,0.202619563,0.293389226,TRUE,FALSE,TRUE,TRUE
6.66440902,11.52397389,173,8,4,115,69,90.5,15.58043645,4.184971098,1.605771608,4.589819813,6.56E-05,0.066612566,0.362426846,TRUE,TRUE,TRUE,TRUE
21.13028813,203.9897935,2881,20,12,1683,621,1339.8,292.2426389,9.300937175,4.639899379,79.34712286,1.66E-07,0.070805204,1.525373144,FALSE,FALSE,FALSE,FALSE
10.78725509,35.43303091,1249,12,6,873,335,655,177.7507618,6.293034428,2.544834074,13.65385479,1.01E-08,0.02836912,0.401365451,TRUE,TRUE,TRUE,TRUE
19.29770667,81.45279228,8405,20,10,5177,1627,4290,1107.831485,10.2082094,3.97744434,31.4967931,1.06E-08,0.009690993,0.351990284,TRUE,TRUE,TRUE,TRUE
15.01318356,73.63174764,2953,16,8,2019,695,1611.5,434.1460008,8.731459533,3.809733529,27.81464631,9.10E-07,0.024934557,0.529030866,TRUE,FALSE,TRUE,TRUE
6.66440902,9.139393342,229,8,4,157,83,122.5,30.54095611,4.279475983,1.521481605,3.284838195,0.000437587,0.039910015,0.224486495,TRUE,FALSE,TRUE,TRUE
6.66440902,8.700096593,425,8,4,293,187,261,43.4281015,4.912941176,1.644798449,3.325782015,5.62E-08,0.020470816,0.167984885,TRUE,FALSE,TRUE,TRUE
27.96888576,203.5010084,32445,28,14,18511,4105,15291.85714,4247.881201,13.19685622,5.48182016,73.56153072,1.06E-08,0.006272184,0.415810942,FALSE,FALSE,FALSE,FALSE
19.29770667,81.42707125,6985,20,10,4293,1225,3469,970.3003659,9.932712956,3.803633404,29.75747584,1.02E-07,0.011657419,0.364824676,FALSE,FALSE,FALSE,FALSE
2.772588722,2.2093455,29,4,2,21,19,20,1,2.75862069,1.222072079,0.902895979,0.000363705,0.076184328,0.167400275,TRUE,FALSE,TRUE,TRUE
19.29770667,98.61330269,6953,20,10,4281,1271,3458.6,942.1544672,9.948511434,3.844780075,34.18058358,1.37E-07,0.014182842,0.41986559,FALSE,FALSE,FALSE,TRUE
10.78725509,32.55422573,1813,12,6,1185,545,984.3333333,213.1358461,6.515168229,2.356391933,11.43084049,1.06E-08,0.017955999,0.278939638,TRUE,FALSE,FALSE,FALSE
22.51658249,268.1217824,7459,20,14,4649,1486,3713.8,929.9176093,9.957903204,4.035616696,108.4735281,2.44E-08,0.035946076,1.310209615,FALSE,FALSE,FALSE,TRUE
10.78725509,27.68994823,789,12,6,509,271,433.3333333,76.47149069,6.590621039,2.934167973,10.18922468,1.61E-08,0.035094991,0.375147143,FALSE,FALSE,FALSE,FALSE
5.416100402,14.09088665,136,6,4,98,74,90,11.3137085,3.970588235,1.387661896,6.14967248,4.94E-05,0.103609461,0.571840859,TRUE,FALSE,TRUE,TRUE
21.13028813,208.0824205,7461,20,12,4649,1495,3714,926.9978425,9.955770004,4.037178183,80.75451611,3.80E-08,0.027889347,0.969826709,FALSE,FALSE,FALSE,FALSE
23.48759812,327.3947215,3129,20,16,1793,655,1461,310.8813278,9.338446788,4.731951627,135.7315214,1.02E-08,0.104632381,2.508684439,FALSE,FALSE,FALSE,FALSE
23.62006596,145.2046132,15445,24,12,9061,2393,7519.833333,2075.396983,11.68507608,4.696886759,55.33552141,1.00E-08,0.009401399,0.455580415,FALSE,FALSE,FALSE,FALSE
23.62006596,133.2364136,17521,24,12,10275,2789,8467.333333,2304.588225,11.59842475,4.649157273,48.0507284,1.06E-08,0.007604384,0.370308723,TRUE,FALSE,TRUE,TRUE
15.01318356,73.633976,2169,16,8,1345,379,1060,308.1947436,7.819271554,3.502561432,26.97456882,5.45E-08,0.033948352,0.596707615,TRUE,FALSE,FALSE,FALSE
6.66440902,15.49589059,201,8,4,135,91,113,22,4.497512438,1.555361064,5.873042563,0.001376513,0.077093983,0.429203326,FALSE,TRUE,TRUE,TRUE
10.78725509,38.96121376,589,12,6,371,137,254,76.34788799,5.174872666,2.181488766,15.14078398,8.26E-06,0.066148071,0.648151704,TRUE,FALSE,TRUE,TRUE
27.96888576,217.4966056,71821,28,14,40791,10023,33986.28571,9385.177877,13.24982944,5.507226691,51.76484924,1.00E-08,0.003028315,0.196315259,FALSE,FALSE,FALSE,FALSE
10.78725509,35.64864012,1461,12,6,977,435,774,170.312458,6.357289528,2.360044847,14.67633581,1.10E-08,0.024400164,0.399385531,FALSE,FALSE,FALSE,FALSE
19.29770667,120.4442845,8681,20,10,5187,1507,4299,1138.126531,9.904388895,4.000815531,44.60860776,1.01E-08,0.013874471,0.49206689,TRUE,FALSE,TRUE,TRUE
27.96888576,291.9083085,19109,28,14,10903,2493,8928,2498.517246,13.08200324,5.740076639,104.5135207,1.02E-08,0.015275959,0.771044086,FALSE,FALSE,FALSE,FALSE
2.772588722,2.075868503,29,4,2,21,19,20,1,2.75862069,1.222072079,0.902756414,0.001540954,0.071581673,0.169288647,TRUE,TRUE,TRUE,TRUE
10.78725509,23.57955601,1277,12,6,847,225,631.3333333,229.1314518,5.932654659,2.104960822,8.66230591,1.07E-08,0.018464805,0.250455517,FALSE,FALSE,TRUE,TRUE
19.29770667,127.6367306,3801,20,10,2189,763,1788.2,415.235066,9.409102868,4.43850214,49.68900753,8.21E-07,0.033579777,0.834143636,FALSE,FALSE,TRUE,TRUE
15.01318356,51.99955747,2953,16,8,2019,695,1579.5,408.307176,8.558076532,3.23209281,19.46388081,5.93E-06,0.017609061,0.369579543,TRUE,TRUE,TRUE,TRUE
15.01318356,68.2186783,2817,16,8,1723,627,1436.25,305.8454471,8.157614483,3.309071404,26.1881483,1.88E-08,0.024216783,0.509100955,TRUE,TRUE,TRUE,TRUE
22.51658249,310.8435517,5613,20,15,3371,1219,2774.4,633.0611661,9.885622662,4.296563904,127.7463579,2.27E-08,0.055379218,1.769647102,TRUE,FALSE,TRUE,TRUE
23.62006596,211.4567381,12917,24,12,7765,1965,6297.5,1791.454925,11.70085933,4.786242255,72.30426464,1.79E-06,0.016370422,0.651262217,TRUE,FALSE,TRUE,TRUE
16.76412103,161.9514231,4637,16,10,2875,1177,2434.75,547.5650076,8.401121415,3.343916875,61.55573998,1.02E-08,0.034925905,0.947560905,TRUE,FALSE,TRUE,TRUE
23.62006596,135.1668485,38353,24,12,22177,6207,18586,4976.277056,11.63048523,4.712170774,35.23097428,1.14E-08,0.003524284,0.183302078,FALSE,FALSE,FALSE,FALSE